Id;job;sector;Month_salary;13_salary;eventual_salary;indemnity;extra_salary;discount_salary;total_salary
1;OFICIAL ADMINISTRATIVO;DETRAN;2315.810;0.000;0.000;0.000;73.850;0.000;1929.340
2;SD 2C PM;PM;3034.050;0.000;0.000;0.000;651.820;0.000;2265.960
3;1TEN  PM;PM;8990.980;0.000;0.000;0.000;626.750;0.000;6933.040
4;MAJ   PM;SPPREV;13591.020;0.000;0.000;0.000;0.000;0.000;10568.360
5;AG.TEC. DE ASSIT. A SAUDE;HCFMUSP;4203.670;0.000;0.000;0.000;0.000;0.000;3561.880
6;SD 1C PM;PM;4373.690;0.000;0.000;0.000;451.260;0.000;4152.980
7;1CFO  PM;PM;2311.760;0.000;0.000;0.000;0.000;0.000;1967.280
8;BENEFICIARIO DE SERVIDOR ESTADUAL-IPESP;SPPREV;1699.190;0.000;0.000;0.000;0.000;0.000;1699.190
9;CABO  PM;PM;3767.780;0.000;0.000;0.000;626.750;0.000;2703.470
10;SD 1C PM;PM;3821.990;603.570;0.000;0.000;601.680;0.000;3010.040
11;PROFESSOR EDUCACAO BASICA II;SPPREV;3340.510;0.000;0.000;0.000;0.000;0.000;3273.700
12;COMPLEM. PENSAO - FEPASA;ADM GERAL;3167.930;0.000;0.000;0.000;0.000;0.000;1117.450
13;BENEFICIARIO DA POLICIA MILITAR - CBPM;SPPREV;11508.180;959.010;191.790;0.000;0.000;0.000;11023.010
14;PROFESSOR EDUCACAO BASICA I;SPPREV;2536.670;0.000;0.000;0.000;0.000;0.000;2449.030
15;1SGT  PM;SPPREV;6313.680;0.000;0.000;0.000;0.000;0.000;3400.740
16;AGENTE DE SERVICOS ESCOLARES;SPPREV;1798.560;0.000;0.000;0.000;0.000;0.000;1296.670
17;AGENTE DE ORGANIZACAO ESCOLAR;EDUCACAO;1549.390;774.690;0.000;0.000;69.030;0.000;2106.490
18;BENEFICIARIO DE SERVIDOR ESTADUAL-IPESP;SPPREV;1034.790;0.000;0.000;0.000;0.000;0.000;723.520
19;BENEFICIARIO DE SERVIDOR ESTADUAL-IPESP;SPPREV;1685.550;0.000;0.000;0.000;0.000;0.000;1668.700
20;PROFESSOR EDUCACAO BASICA I;SPPREV;3153.230;0.000;0.000;0.000;0.000;0.000;1942.260
21;PROFESSOR EDUCACAO BASICA I;SPPREV;3532.830;0.000;0.000;0.000;0.000;0.000;3462.180
22;DIRETOR DE ESCOLA;SPPREV;5034.230;0.000;0.000;0.000;0.000;0.000;4502.490
23;PROFESSOR EDUCACAO BASICA II;SPPREV;3794.250;0.000;0.000;0.000;0.000;0.000;3500.790
24;PROFESSOR EDUCACAO BASICA I;SPPREV;3258.690;0.000;0.000;0.000;0.000;0.000;3116.400
25;BENEFICIARIO DE SERVIDOR ESTADUAL-IPESP;SPPREV;1093.620;0.000;0.000;0.000;0.000;0.000;1093.620
26;BENEFICIARIO DE SERVIDOR ESTADUAL-IPESP;SPPREV;7723.260;0.000;0.000;0.000;0.000;0.000;6740.280
27;AGENTE DE SERVICOS ESCOLARES;SPPREV;1927.060;0.000;0.000;0.000;0.000;0.000;1132.080
28;BENEFICIARIO DE SERVIDOR ESTADUAL-IPESP;SPPREV;1262.270;0.000;0.000;0.000;0.000;0.000;963.610
29;COMPLEM. PENSAO - FEPASA;ADM GERAL;1681.210;0.000;0.000;0.000;0.000;0.000;699.210
30;PROFESSOR EDUCACAO BASICA I;EDUCACAO;3517.150;1758.570;0.000;0.000;512.920;0.000;4106.750
31;COMPLEM. PENSAO - FEPASA;ADM GERAL;1410.770;0.000;0.000;0.000;0.000;0.000;376.930
32;COMPLEM. PENSAO - FEPASA;ADM GERAL;2916.330;0.000;0.000;0.000;0.000;0.000;1802.470
33;PROFESSOR EDUCACAO BASICA I;SPPREV;3739.230;0.000;0.000;0.000;0.000;0.000;2454.940
34;PROFESSOR EDUCACAO BASICA II;SPPREV;3797.290;0.000;0.000;0.000;0.000;0.000;3016.600
35;OFICIAL ADMINISTRATIVO;SPPREV;1062.540;0.000;0.000;0.000;0.000;0.000;633.980
36;COMPLEMENTACAO PENSAO - BANESPA;ADM GERAL;4494.160;0.000;0.000;0.000;0.000;0.000;2170.690
37;COMPLEM. PENSAO - FEPASA;ADM GERAL;1410.770;0.000;0.000;0.000;0.000;0.000;428.770
38;PROFESSOR EDUCACAO BASICA II;SPPREV;3752.230;0.000;0.000;0.000;0.000;0.000;3637.070
39;OFICIAL ADMINISTRATIVO;PGE;2212.730;0.000;0.000;0.000;399.430;0.000;1356.090
40;PROFESSOR EDUCACAO BASICA I;SPPREV;2208.580;0.000;0.000;0.000;0.000;0.000;2163.010
41;PROFESSOR EDUCACAO BASICA I;SPPREV;3387.710;0.000;0.000;0.000;0.000;0.000;3119.180
42;DIRETOR DE ESCOLA;SPPREV;4566.190;0.000;0.000;0.000;0.000;0.000;4131.710
43;BENEFICIARIO DE SERVIDOR ESTADUAL-IPESP;SPPREV;1311.090;0.000;0.000;0.000;0.000;0.000;1233.880
44;DIRETOR DE ESCOLA;SPPREV;4949.310;0.000;0.000;0.000;0.000;0.000;3402.260
45;PROFESSOR EDUCACAO BASICA I;SPPREV;2610.230;0.000;0.000;0.000;0.000;0.000;1774.730
46;3SGT  PM;SPPREV;5427.330;0.000;0.000;0.000;0.000;0.000;3155.940
47;1SGT  PM;SPPREV;3936.770;0.000;0.000;0.000;0.000;0.000;3858.040
48;AG.SEG.PENITENC.CLASSE IV;SAP;4442.400;0.000;0.000;0.000;0.000;0.000;1880.880
49;PROFESSOR EDUCACAO BASICA II;EDUCACAO;2959.130;0.000;0.000;0.000;0.000;0.000;1316.320
50;STEN  PM;SPPREV;7229.200;0.000;0.000;0.000;0.000;0.000;3603.420
51;ANALISTA SUPORTE GESTAO;PRODESP;10286.190;0.000;0.000;0.000;0.000;0.000;5140.520
52;1TEN  PM;SPPREV;13815.430;0.000;0.000;0.000;0.000;0.000;12476.680
53;BENEFICIARIO DE SERVIDOR ESTADUAL-IPESP;SPPREV;1154.640;0.000;0.000;0.000;0.000;0.000;1143.100
54;INVESTIGADOR POL.2A CLASSE;SSP;6679.850;0.000;0.000;0.000;974.780;0.000;5497.500
55;DIRETOR DE UNIDADE II;FUND. CASA;9682.400;0.000;0.000;0.000;320.000;0.000;4063.240
56;CEL PM;SPPREV;24099.650;0.000;0.000;0.000;0.000;-2468.600;12534.430
57;INVESTIGADOR POL.CL.ESPECIAL;SPPREV;8810.930;0.000;0.000;0.000;0.000;0.000;5116.300
58;COMPLEM. PENSAO - FEPASA;ADM GERAL;5296.420;0.000;0.000;0.000;0.000;0.000;3021.090
59;PROFESSOR EDUCACAO BASICA I;SPPREV;2113.900;0.000;0.000;0.000;0.000;0.000;2017.910
60;BENEFICIARIO DA POLICIA MILITAR - CBPM;SPPREV;3964.720;0.000;0.000;0.000;0.000;0.000;3913.320
61;AGENTE FISCAL DE RENDAS;SPPREV;31781.540;0.000;12355.590;0.000;0.000;-10150.490;23330.800
62;BENEFICIARIO DE SERVIDOR ESTADUAL-IPESP;SPPREV;3843.460;0.000;0.000;0.000;0.000;0.000;3840.800
63;PROFESSOR EDUCACAO BASICA II;EDUCACAO;3902.780;0.000;0.000;0.000;0.000;0.000;2897.890
64;PROFESSOR EDUCACAO BASICA I;SPPREV;2774.490;0.000;0.000;0.000;0.000;0.000;2678.890
65;OFICIAL ADMINISTRATIVO;SAUDE;2434.830;0.000;0.000;0.000;392.870;0.000;2386.210
66;CABO  PM;PM;3821.130;0.000;0.000;0.000;601.680;0.000;2824.360
67;BENEFICIARIO DE SERVIDOR ESTADUAL-IPESP;SPPREV;368.000;0.000;0.000;0.000;0.000;0.000;368.000
68;AG.SEG.PENITENC.CLASSE V;SAP;5681.020;0.000;0.000;0.000;0.000;0.000;3380.990
69;BENEFICIARIO DE SERVIDOR ESTADUAL-IPESP;SPPREV;368.000;0.000;0.000;0.000;0.000;0.000;368.000
70;ANALISTA ADMINIST FINANCEIRO S;CDHU;12942.880;0.000;0.000;0.000;0.000;0.000;7831.220
71;MEDICO I;SPPREV;5620.430;0.000;0.000;0.000;0.000;0.000;5320.790
72;PROFESSOR EDUCACAO BASICA II;SPPREV;2923.950;0.000;0.000;0.000;0.000;0.000;1839.130
73;AGENTE FISCAL DE RENDAS;SPPREV;35390.440;0.000;11559.890;0.000;0.000;-13759.390;23459.080
74;ESCRIVAO POL.3A CLASSE;SPPREV;6735.130;0.000;0.000;0.000;0.000;0.000;5569.670
75;INVESTIGADOR POL.1A CLASSE;SPPREV;7199.410;0.000;0.000;0.000;0.000;0.000;5431.100
76;PROFESSOR EDUCACAO BASICA I;EDUCACAO;965.480;0.000;0.000;0.000;175.070;0.000;1063.320
77;BENEFICIARIO DE SERVIDOR ESTADUAL-IPESP;SPPREV;3424.080;0.000;0.000;0.000;0.000;0.000;3424.080
78;INVESTIGADOR POL.3A CLASSE;SPPREV;1696.860;0.000;0.000;0.000;0.000;0.000;1662.930
79;PROFESSOR EDUCACAO BASICA II;SPPREV;3731.830;0.000;0.000;0.000;0.000;0.000;3730.430
80;ASSESSOR EXECUTIVO  I;CPTM;12389.130;0.000;3894.160;0.000;0.000;0.000;12680.560
81;SD 1C PM;PM;3353.690;1117.890;0.000;0.000;0.000;0.000;3932.170
82;CABO  PM;PM;4564.770;0.000;0.000;0.000;601.680;0.000;2503.290
83;INVESTIGADOR POL.2A CLASSE;SPPREV;6787.500;0.000;0.000;0.000;0.000;0.000;5783.300
84;COMPLEM. DE APOSENTADORIA - CESP/CTEEP;ADM GERAL;5194.000;0.000;0.000;0.000;0.000;0.000;1211.520
85;AUXILIAR SERV. GERAIS;SPPREV;2204.910;0.000;0.000;0.000;0.000;0.000;2034.800
86;TECNICO DE APOIO AGROPECUARIO;SPPREV;3947.770;0.000;0.000;0.000;0.000;0.000;3867.420
87;1SGT  PM;SPPREV;6195.830;0.000;0.000;0.000;0.000;0.000;3141.110
88;STEN  PM;SPPREV;6951.160;0.000;0.000;0.000;0.000;0.000;5403.580
89;SD 1C PM;PM;3621.430;0.000;0.000;0.000;551.540;0.000;2865.160
90;CARCEREIRO DE CLASSE ESPECIAL;SPPREV;5690.150;2845.080;0.000;0.000;0.000;0.000;8302.220
91;2SGT  PM;PM;4468.620;1896.170;0.000;0.000;401.120;0.000;5549.810
92;AUXILIAR SERV. GERAIS;SPPREV;937.000;0.000;0.000;0.000;0.000;0.000;918.260
93;2TEN  PM;SPPREV;9558.800;0.000;0.000;0.000;0.000;0.000;6139.070
94;1TEN  PM;PM;11754.090;1959.010;0.000;0.000;426.190;0.000;8011.850
95;1SGT  PM;SPPREV;5467.740;0.000;0.000;0.000;0.000;0.000;4364.300
96;OP TRAN METROV II (TRAFEGO);METRO;9944.020;0.000;0.000;0.000;0.000;0.000;4901.500
97;3SGT  PM;SPPREV;5624.570;0.000;0.000;0.000;0.000;0.000;3309.130
98;3SGT  PM;SPPREV;5427.320;0.000;0.000;0.000;0.000;0.000;2466.880
99;COMPLEMENTACAO APOSENTADORIA;DAEE;1226.980;0.000;0.000;0.000;0.000;0.000;0.000
100;CABO  PM;PM;3767.780;0.000;0.000;0.000;651.820;0.000;2888.950
101;2SGT  PM;PM;11134.470;0.000;0.000;0.000;1537.660;0.000;8837.790
102;AG.SEG.PENITENC.CLASSE IV;SAP;4519.720;0.000;0.000;0.000;0.000;0.000;2230.140
103;OUTROS VINCULOS;SAP;1002.800;0.000;0.000;0.000;0.000;0.000;900.510
104;COMPLEMENTACAO APOSENTADORIA;DAESP;2502.280;0.000;0.000;0.000;0.000;0.000;507.510
105;AGENTE DE ORGANIZACAO ESCOLAR;EDUCACAO;1345.790;224.290;0.000;0.000;210.490;0.000;1605.630
106;BENEFICIARIO DA POLICIA MILITAR - CBPM;SPPREV;4703.750;0.000;0.000;0.000;0.000;0.000;4065.510
107;CABO  PM;PM;4910.980;0.000;0.000;0.000;0.000;0.000;1465.400
108;PROFESSOR EDUCACAO BASICA II;EDUCACAO;785.160;392.580;0.000;0.000;132.890;0.000;1035.520
109;PROFESSOR EDUCACAO BASICA II;EDUCACAO;6308.200;3154.090;695.800;6308.190;213.000;0.000;14155.200
110;COMPLEM. DE APOSENTADORIA - CESP/CTEEP;ADM GERAL;3651.990;0.000;0.000;0.000;0.000;0.000;2062.880
111;PROFESSOR EDUCACAO BASICA II;SPPREV;3813.800;0.000;0.000;0.000;0.000;0.000;3634.790
112;PROFESSOR EDUCACAO BASICA II;SPPREV;3691.050;0.000;0.000;0.000;0.000;0.000;3659.550
113;PROFESSOR EDUCACAO BASICA II;SPPREV;3795.220;0.000;0.000;0.000;0.000;0.000;3634.690
114;OFICIAL ADMINISTRATIVO;SAP;2348.690;0.000;0.000;0.000;158.020;0.000;2128.600
115;MEDICO I;HCFMUSP;5654.880;0.000;0.000;0.000;0.000;0.000;4969.150
116;MEDICO III;SAUDE;9310.140;0.000;0.000;0.000;0.000;0.000;7178.100
117;TECNICO DA FAZENDA ESTADUAL;SPPREV;6798.960;0.000;0.000;0.000;0.000;0.000;4615.500
118;AG.SEG.PENITENC.CLASSE VII;SAP;7398.100;1138.600;0.000;0.000;813.790;0.000;6412.450
119;AG.SEG.PENITENC.CLASSE IV;SAP;4346.270;0.000;342.150;0.000;0.000;0.000;3743.480
120;OUTROS VINCULOS;SAP;200.560;0.000;0.000;0.000;0.000;0.000;188.520
121;1SGT  PM;SPPREV;6038.030;3019.020;0.000;0.000;0.000;0.000;6970.330
122;PROFESSOR EDUCACAO BASICA II;SPPREV;1707.740;0.000;0.000;0.000;0.000;0.000;1634.690
123;SD 1C PM;PM;3955.370;0.000;0.000;0.000;752.100;0.000;3305.350
124;TECNICO EM GESTAO 06;SABESP;3943.840;0.000;0.000;0.000;0.000;0.000;2141.550
125;CABO P.M.;SPPREV;4405.210;0.000;0.000;0.000;0.000;0.000;3304.500
126;CARCEREIRO DE 2A CLASSE;SSP;4956.460;0.000;0.000;0.000;278.750;0.000;2798.280
127;PROFESSOR EDUCACAO BASICA II;EDUCACAO;1509.920;0.000;0.000;0.000;91.800;0.000;1345.050
128;AUXILIAR DE SAUDE;SAUDE;2528.110;0.000;0.000;0.000;426.090;0.000;1770.380
129;AG DE SEGURANCA;CPTM;5385.310;0.000;0.000;0.000;0.000;0.000;4211.030
130;BENEFICIARIO DE SERVIDOR ESTADUAL-IPESP;SPPREV;3227.910;0.000;0.000;0.000;0.000;0.000;3227.910
131;3SGT  PM;SPPREV;6849.210;0.000;0.000;0.000;0.000;0.000;4031.010
132;BENEFICIARIO DA POLICIA MILITAR - CBPM;SPPREV;2261.450;0.000;0.000;0.000;0.000;0.000;1443.890
133;AUXILIAR DE ENFERMAGEM;SPPREV;2372.460;140.750;0.000;0.000;0.000;0.000;1721.650
134;CABO P.M.;SPPREV;4223.820;0.000;0.000;0.000;0.000;0.000;2475.490
135;PENSAO JUDICIAL;ADM GERAL;312.300;0.000;0.000;0.000;0.000;0.000;312.300
136;AG.SEG.PENITENC.CLASSE III;SAP;4052.450;0.000;0.000;0.000;0.000;0.000;2145.080
137;OUTROS VINCULOS;SAP;601.680;0.000;0.000;0.000;0.000;0.000;557.260
138;1TEN  PM;SPPREV;11754.100;5877.050;0.000;0.000;0.000;0.000;15675.030
139;ENCARREGADO I;DER;1968.410;0.000;0.000;0.000;124.440;0.000;1269.330
140;PROFESSOR EDUCACAO BASICA I;SPPREV;3486.070;0.000;0.000;0.000;0.000;0.000;3279.390
141;AUXILIAR SERV. GERAIS;SPPREV;2700.120;0.000;0.000;0.000;0.000;0.000;2561.690
142;1SGT  PM;SPPREV;6062.530;0.000;0.000;0.000;0.000;0.000;5683.360
143;OFICIAL DE MANUTENCAO ELETRICA;CPTM;5833.450;0.000;0.000;0.000;0.000;0.000;4562.230
144;AG.TELECOM.POL.CL.ESPECIAL;SPPREV;7017.650;0.000;0.000;0.000;0.000;0.000;5545.040
145;PROFESSOR EDUCACAO BASICA II;SPPREV;4631.010;0.000;0.000;0.000;0.000;0.000;4132.540
146;PROFESSOR EDUCACAO BASICA II;SPPREV;4241.650;2120.830;0.000;0.000;0.000;0.000;4749.510
147;PROFESSOR EDUCACAO BASICA II;EDUCACAO;5027.370;0.000;0.000;0.000;0.000;0.000;2923.940
148;PROFESSOR EDUCACAO BASICA I;SPPREV;3554.100;0.000;0.000;0.000;0.000;0.000;3395.390
149;COMPLEM. PENSAO - FEPASA;ADM GERAL;1984.370;0.000;0.000;0.000;0.000;0.000;468.690
150;PROFESSOR EDUCACAO BASICA II;SPPREV;2441.610;0.000;0.000;0.000;0.000;0.000;2286.780
151;1TEN  PM;SPPREV;14270.330;0.000;0.000;0.000;0.000;0.000;7186.530
152;PROFESSOR EDUCACAO BASICA II;EDUCACAO;4267.190;0.000;0.000;0.000;0.000;0.000;2061.910
153;3SGT  PM;SPPREV;5427.330;0.000;0.000;0.000;0.000;0.000;3288.850
154;2SGT  PM;SPPREV;6254.540;0.000;0.000;0.000;0.000;0.000;3825.980
155;ENCARREGADO I;DER;2020.210;668.740;0.000;0.000;0.000;0.000;2393.180
156;3SGT  PM;SPPREV;5427.330;0.000;0.000;0.000;0.000;0.000;4596.550
157;OFICIAL ADMINISTRATIVO;SPPREV;1379.730;689.870;0.000;0.000;0.000;0.000;1900.250
158;PAPILOSC.POLICIAL DE 2A CLASSE;SSP;4559.290;0.000;0.000;0.000;195.820;0.000;3841.490
159;AUXILIAR SERV. GERAIS;SPPREV;2641.000;0.000;0.000;0.000;0.000;0.000;1793.160
160;PROFESSOR EDUCACAO BASICA II;EDUCACAO;2077.750;0.000;0.000;0.000;166.120;0.000;1850.970
161;PROFESSOR EDUCACAO BASICA II;EDUCACAO;1791.170;0.000;0.000;0.000;150.920;0.000;1527.070
162;AGENTE DE APOIO AGROPECUARIO;SAA;4084.490;0.000;0.000;0.000;64.470;0.000;3417.840
163;PROFESSOR EDUCACAO BASICA II;SPPREV;1325.400;0.000;0.000;0.000;0.000;0.000;1297.500
164;COORD DE EQUIPE;FUND. CASA;6716.720;0.000;0.000;0.000;0.000;0.000;3472.010
165;COMPLEM. APOSENT. - FEPASA;ADM GERAL;2242.070;0.000;0.000;0.000;0.000;0.000;459.740
166;1SGT  PM;SPPREV;4920.980;0.000;0.000;0.000;0.000;0.000;2625.040
167;BENEFICIARIO DE SERVIDOR ESTADUAL-IPESP;SPPREV;3985.300;1328.430;0.000;0.000;0.000;0.000;5013.320
168;COMPLEM. DE APOSENTADORIA - CESP/CTEEP;ADM GERAL;9654.870;0.000;0.000;0.000;0.000;0.000;5522.930
169;PROFESSOR EDUCACAO BASICA II;SPPREV;3437.620;0.000;0.000;0.000;0.000;0.000;2413.200
170;STEN  PM;SPPREV;8925.670;0.000;0.000;0.000;0.000;0.000;6743.260
171;1TEN  PM;SPPREV;14841.140;0.000;0.000;0.000;0.000;0.000;9713.940
172;CEL PM;SPPREV;22325.620;0.000;0.000;0.000;0.000;-694.570;14399.360
173;BENEFICIARIO DE SERVIDOR ESTADUAL-IPESP;SPPREV;3242.670;0.000;0.000;0.000;0.000;0.000;3242.670
174;AG.SEG.PENITENC.CLASSE V;SAP;4694.730;2347.360;0.000;0.000;0.000;0.000;4886.120
175;OUTROS VINCULOS;SAP;200.560;0.000;0.000;0.000;0.000;0.000;184.570
176;CIRURGIAO DENTISTA;SAP;3919.310;0.000;0.000;0.000;0.000;0.000;2430.390
177;BENEFICIARIO DE SERVIDOR ESTADUAL-IPESP;SPPREV;1466.740;0.000;0.000;0.000;0.000;0.000;1025.040
178;OFICIAL ADMINISTRATIVO;SPPREV;1317.460;0.000;0.000;0.000;0.000;0.000;1264.990
179;CABO  PM;PM;5050.980;0.000;0.000;0.000;100.280;0.000;3052.880
180;TECNICO EM GESTAO 09;SABESP;1879.290;0.000;2435.630;0.000;0.000;0.000;0.000
181;CABO  PM;PM;3767.780;0.000;0.000;0.000;651.820;0.000;2957.860
182;SD 10 CLASSE PM;SPPREV;4238.850;0.000;0.000;0.000;0.000;0.000;2872.730
183;PESQUISADOR CIENTIFICO VI;SPPREV;18421.180;0.000;0.000;0.000;0.000;0.000;12487.510
184;CABO  PM;PM;4062.210;0.000;0.000;0.000;451.260;0.000;3470.890
185;2TEN  PM;SPPREV;8769.790;4384.900;0.000;0.000;0.000;0.000;11272.570
186;CABO  PM;PM;5068.780;0.000;0.000;0.000;752.100;0.000;2669.710
187;PROFESSOR EDUCACAO BASICA II;EDUCACAO;3533.330;0.000;0.000;0.000;76.800;0.000;3022.390
188;PROFESSOR EDUCACAO BASICA II;EDUCACAO;3289.830;0.000;0.000;0.000;15.200;0.000;2618.990
189;AUXILIAR SERV. GERAIS;SPPREV;1591.590;0.000;0.000;0.000;0.000;0.000;1520.080
190;AGENTE POLICIAL DE 2A CLASSE;SSP;4956.460;0.000;0.000;0.000;240.000;0.000;2675.770
191;BENEFICIARIO DE SERVIDOR ESTADUAL-IPESP;SPPREV;3466.430;0.000;0.000;0.000;0.000;0.000;3466.430
192;MEDICO I;SAUDE;0.000;0.000;0.000;0.000;0.000;0.000;0.000
193;BENEFICIARIO DE SERVIDOR ESTADUAL-IPESP;SPPREV;1792.230;896.110;0.000;0.000;0.000;0.000;2670.420
194;CAP PM;SPPREV;13494.960;0.000;0.000;0.000;0.000;0.000;5885.460
195;MEDICO I;HCFMRP;15119.570;0.000;0.000;0.000;0.000;0.000;11494.210
196;PROFESSOR EDUCACAO BASICA II;SPPREV;3087.990;0.000;0.000;0.000;0.000;0.000;1866.440
197;BENEFICIARIO DE SERVIDOR ESTADUAL-IPESP;SPPREV;1331.750;0.000;0.000;0.000;0.000;0.000;1331.750
198;PROFESSOR EDUCACAO BASICA II;EDUCACAO;5190.890;2595.440;0.000;0.000;856.480;0.000;7015.550
199;AUXILIAR SERV. GERAIS;SPPREV;1104.000;0.000;0.000;0.000;0.000;0.000;1058.830
200;BENEFICIARIO DE SERVIDOR ESTADUAL-IPESP;SPPREV;181.030;0.000;0.000;0.000;0.000;0.000;181.030
201;COMPLEMENTACAO APOSENTADORIA;DAEE;1412.510;0.000;0.000;0.000;0.000;0.000;423.290
202;INVESTIGADOR POL.CL.ESPECIAL;SSP;8715.260;0.000;1129.960;0.000;1267.970;0.000;5643.760
203;AUX.PAPILOSC.POL.CL.ESPECIAL;SPPREV;6809.460;0.000;0.000;0.000;0.000;0.000;5025.500
204;AUXILIAR SERV. GERAIS;SPPREV;1762.480;0.000;0.000;0.000;0.000;0.000;1725.840
205;BENEFICIARIO DE SERVIDOR ESTADUAL-IPESP;SPPREV;1068.360;0.000;0.000;0.000;0.000;0.000;1068.360
206;CABO  PM;PM;4910.980;0.000;0.000;0.000;501.400;0.000;4168.280
207;AG.SEG.PENITENC.CLASSE III;SAP;3898.990;0.000;0.000;0.000;68.830;0.000;2250.230
208;OUTROS VINCULOS;SAP;200.560;0.000;0.000;0.000;0.000;0.000;189.510
209;PROFESSOR DE ENSINO MED E TEC;CEETEPS;727.350;0.000;106.180;0.000;0.000;0.000;663.980
210;CABO  PM;PM;7085.030;2301.850;200.560;0.000;752.100;0.000;6668.580
211;CHEFE I;SPPREV;2111.090;0.000;0.000;0.000;0.000;0.000;2022.670
212;PROFESSOR EDUCACAO BASICA II;EDUCACAO;2657.460;1328.730;0.000;0.000;484.230;0.000;2901.120
213;PROFESSOR EDUCACAO BASICA II;SPPREV;2756.730;1378.370;0.000;0.000;0.000;0.000;3182.520
214;AGENTE DE APOIO AGROPECUARIO;SPPREV;3066.680;0.000;0.000;0.000;0.000;0.000;3003.950
215;AUXILIAR SERV. GERAIS;DER;1799.580;0.000;0.000;0.000;201.110;0.000;1744.450
216;3SGT  PM;SPPREV;4015.880;2007.940;0.000;0.000;0.000;0.000;3684.130
217;2TEN  PM;SPPREV;8769.790;0.000;0.000;0.000;0.000;0.000;6215.860
218;BENEFICIARIO DE SERVIDOR ESTADUAL-IPESP;SPPREV;2946.630;0.000;0.000;0.000;0.000;0.000;2946.630
219;3SGT  PM;SPPREV;5427.320;0.000;0.000;0.000;0.000;0.000;4377.050
220;PROFESSOR EDUCACAO BASICA II;EDUCACAO;4778.230;2389.110;0.000;0.000;0.000;0.000;5926.670
221;AUXILIAR SERV. GERAIS;SPPREV;1993.610;0.000;0.000;0.000;0.000;0.000;1602.030
222;1SGT  PM;SPPREV;6490.870;0.000;0.000;0.000;0.000;0.000;4009.980
223;3SGT  PM;PM;5399.580;1799.860;0.000;0.000;1346.050;0.000;7149.860
224;DIRETOR TECNICO DE SAUDE I;HCFMRP;4656.110;0.000;0.000;0.000;0.000;0.000;3850.220
225;AUXILIAR SERV. GERAIS;SSP;3041.000;1013.660;0.000;0.000;153.680;0.000;2822.530
226;BENEFICIARIO DE SERVIDOR ESTADUAL-IPESP;SPPREV;6071.170;0.000;0.000;0.000;0.000;0.000;3664.790
227;ESCRIVAO POL.CLASSE ESPECIAL;SPPREV;8025.470;0.000;0.000;0.000;0.000;0.000;4739.400
228;BENEFICIARIO DE SERVIDOR ESTADUAL-IPESP;SPPREV;3227.910;0.000;0.000;0.000;0.000;0.000;3227.910
229;AG.SEG.PENITENC.CLASSE IV;SAP;5254.240;2627.110;62.540;5254.230;15.200;0.000;10526.310
230;AGENTE FISCAL DE RENDAS;SPPREV;36592.300;0.000;11309.470;0.000;0.000;-14961.250;22989.590
231;OFICIAL OPERACIONAL;SPPREV;1858.820;0.000;0.000;0.000;0.000;0.000;1799.960
232;DELEGADO POLICIA 3A CLASSE;SPPREV;5886.270;0.000;0.000;0.000;0.000;0.000;5080.840
233;DELEGADO POLICIA 1A CLASSE;SPPREV;13545.080;0.000;0.000;0.000;0.000;0.000;5867.730
234;3SGT  PM;SPPREV;5427.320;0.000;0.000;0.000;0.000;0.000;4525.770
235;TECNICO EM GESTAO 08;SABESP;4484.200;0.000;0.000;0.000;0.000;0.000;2350.660
236;PROFESSOR EDUCACAO BASICA II;EDUCACAO;2464.190;0.000;0.000;0.000;125.040;0.000;2242.750
237;CABO  PM;PM;5684.420;0.000;0.000;0.000;0.000;0.000;4230.350
238;AG.TELECOM.POL.1A.CLASSE;SPPREV;6810.630;3405.320;0.000;0.000;0.000;0.000;9390.300
239;AUXILIAR SERV. GERAIS;SPPREV;1963.160;0.000;1963.160;0.000;0.000;0.000;3846.400
240;3SGT  PM;SPPREV;5427.330;0.000;0.000;0.000;0.000;0.000;3777.350
241;ENCARREGADO I;SPPREV;1453.730;0.000;0.000;0.000;0.000;0.000;1013.780
242;AGENTE POLICIAL DE 2A CLASSE;SSP;4099.560;280.840;2110.840;0.000;90.980;0.000;5127.610
243;ESPECIAL. PROT. DEFES. CONSUM IV;PROCON;8369.570;0.000;0.000;0.000;0.000;0.000;6522.480
244;MEDICO I;HCFMUSP;16500.660;0.000;2261.940;0.000;0.000;0.000;12697.900
245;3SGT  PM;SPPREV;5427.330;0.000;0.000;0.000;0.000;0.000;3488.490
246;CHEFE II;SPPREV;3319.930;0.000;0.000;0.000;0.000;0.000;3287.030
247;3SGT  PM;SPPREV;5427.330;0.000;0.000;0.000;0.000;0.000;3655.790
248;AGENTE DE ORGANIZACAO ESCOLAR;EDUCACAO;1302.580;0.000;0.000;0.000;210.640;0.000;934.280
249;SD 2C PM;PM;3034.050;0.000;0.000;0.000;501.400;0.000;3081.310
250;CABO  PM;PM;5713.220;0.000;0.000;0.000;727.030;0.000;3970.700
251;MEDICO II;SAUDE;7955.150;0.000;0.000;0.000;0.000;0.000;4613.210
252;PROFESSOR DE ENSINO MED E TEC;CEETEPS;9878.280;0.000;0.000;0.000;0.000;0.000;5834.850
253;AGENTE DE ORGANIZACAO ESCOLAR;EDUCACAO;1104.000;0.000;0.000;0.000;138.960;0.000;802.070
254;SD 1C PM;PM;3754.810;0.000;0.000;0.000;752.100;0.000;3474.480
255;PROFESSOR DE ENSINO MED E TEC;CEETEPS;5468.460;0.000;0.000;0.000;0.000;0.000;4397.890
256;1SGT  PM;SPPREV;6453.990;0.000;0.000;0.000;0.000;0.000;5711.450
257;BENEFICIARIO DE SERVIDOR ESTADUAL-IPESP;SPPREV;3810.460;0.000;0.000;0.000;0.000;0.000;3810.270
258;CARCEREIRO DE 2A CLASSE;SSP;4956.460;0.000;0.000;0.000;240.000;0.000;2901.750
259;OFICIAL OPERACIONAL;SPPREV;2382.170;0.000;0.000;0.000;0.000;0.000;1754.220
260;OFICIAL AP.PESQ.CIENT.TECNOL.;SPPREV;2759.970;0.000;0.000;0.000;0.000;0.000;1908.130
261;DELEGADO POLICIA 2A CLASSE;SPPREV;11050.790;0.000;0.000;0.000;0.000;0.000;8939.600
262;BENEFICIARIO DE SERVIDOR ESTADUAL-IPESP;SPPREV;1539.400;0.000;0.000;0.000;0.000;0.000;1539.400
263;COMPLEM. APOSENT. - FEPASA;ADM GERAL;2470.590;0.000;0.000;0.000;0.000;0.000;52.710
264;AG.SEG.PENITENC.CLASSE VII;SAP;7139.340;0.000;0.000;0.000;0.000;0.000;3077.530
265;SD 2C PM;PM;3034.050;0.000;0.000;0.000;501.400;0.000;3030.960
266;OFICIAL OPERACIONAL;SPPREV;2887.760;0.000;0.000;0.000;0.000;0.000;2806.310
267;3SGT  PM;SPPREV;5241.790;0.000;0.000;0.000;0.000;0.000;4760.190
268;BENEFICIARIO DE SERVIDOR ESTADUAL-IPESP;SPPREV;2089.210;0.000;0.000;0.000;0.000;0.000;1462.480
269;STEN  PM;SPPREV;4294.730;0.000;0.000;0.000;0.000;0.000;4107.980
270;BENEFICIARIO DE SERVIDOR ESTADUAL-IPESP;SPPREV;1380.500;0.000;0.000;0.000;0.000;0.000;1380.500
271;AGENTE DE SAUDE;HCFMUSP;1969.200;0.000;0.000;0.000;0.000;0.000;1480.570
272;PROFESSOR EDUCACAO BASICA II;EDUCACAO;3292.820;0.000;188.440;0.000;92.880;0.000;2965.210
273;AGENTE DE ORGANIZACAO ESCOLAR;EDUCACAO;1254.000;0.000;0.000;0.000;183.160;0.000;763.020
274;BENEFICIARIO DE SERVIDOR ESTADUAL-IPESP;SPPREV;2138.140;0.000;0.000;0.000;0.000;0.000;2138.140
275;INVESTIGADOR POL.CL.ESPECIAL;SPPREV;7948.960;0.000;0.000;0.000;0.000;0.000;5113.290
276;ESCRIVAO POL.CLASSE ESPECIAL;SPPREV;8563.070;0.000;0.000;0.000;0.000;0.000;4615.620
277;COMPLEM. APOSENT. - FEPASA;ADM GERAL;1306.310;0.000;0.000;0.000;0.000;0.000;267.190
278;PROFESSOR EDUCACAO BASICA II;EDUCACAO;1802.240;0.000;0.000;0.000;0.000;0.000;976.160
279;MEDICO I;SPPREV;3841.500;0.000;0.000;0.000;0.000;0.000;3766.650
280;PROFESSOR EDUCACAO BASICA II;SPPREV;3923.530;0.000;0.000;0.000;0.000;0.000;3157.550
281;COMPLEM. APOSENT. - CEAGESP;ADM GERAL;2508.320;0.000;0.000;0.000;0.000;0.000;625.410
282;DELEGADO POLICIA 2A CLASSE;SPPREV;15783.960;0.000;0.000;0.000;0.000;0.000;11968.370
283;BENEFICIARIO DE SERVIDOR ESTADUAL-IPESP;SPPREV;937.000;0.000;0.000;0.000;0.000;0.000;937.000
284;STEN  PM;SPPREV;6753.920;0.000;0.000;0.000;0.000;0.000;4421.590
285;AUXILIAR DE APOIO;CEETEPS;3311.240;1655.610;0.000;0.000;546.340;0.000;4787.190
286;3SGT  PM;PM;5745.780;0.000;0.000;0.000;451.260;0.000;3858.520
287;PROFESSOR EDUCACAO BASICA II;EDUCACAO;2727.320;0.000;0.000;0.000;21.160;0.000;2262.780
288;AUXILIAR SERV. GERAIS;SPPREV;1485.030;0.000;0.000;0.000;0.000;0.000;1453.930
289;CABO  PM;PM;4062.210;0.000;0.000;0.000;701.960;0.000;4038.940
290;PROFESSOR EDUCACAO BASICA II;EDUCACAO;2779.890;0.000;0.000;0.000;95.040;0.000;1767.210
291;ENCARREGADO I;SPPREV;1836.620;918.310;0.000;0.000;0.000;0.000;2432.680
292;AUXILIAR DE ENFERMAGEM;SPPREV;2078.710;0.000;0.000;0.000;0.000;0.000;1485.330
293;OP TRAN METROV I (ESTACAO);METRO;6449.730;0.000;0.000;0.000;0.000;0.000;3516.510
294;OFICIAL AP.PESQ.CIENT.TECNOL.;SPPREV;2759.970;0.000;0.000;0.000;0.000;0.000;1837.570
295;TECNICO DA FAZENDA ESTADUAL;SPPREV;2939.700;0.000;0.000;0.000;0.000;0.000;2879.510
296;PROFESSOR DE ENSINO MED E TEC;CEETEPS;5083.950;0.000;0.000;0.000;0.000;0.000;3256.530
297;CABO  PM;PM;4910.980;0.000;0.000;0.000;752.100;0.000;1418.620
298;COMPLEM. APOSENT. - FEPASA;ADM GERAL;1879.150;0.000;0.000;0.000;0.000;0.000;617.280
299;PROFESSOR EDUCACAO BASICA II;EDUCACAO;5847.380;0.000;0.000;0.000;0.000;0.000;4464.470
300;3SGT  PM;SPPREV;5241.790;0.000;0.000;0.000;0.000;0.000;4611.800
301;3SGT  PM;SPPREV;5427.320;0.000;0.000;0.000;0.000;0.000;4525.560
302;3SGT  PM;SPPREV;5612.860;0.000;0.000;0.000;0.000;0.000;4015.890
303;BENEFICIARIO DE SERVIDOR ESTADUAL-IPESP;SPPREV;3098.810;0.000;0.000;0.000;0.000;0.000;2860.120
304;MEDICO I;SPPREV;3853.330;0.000;0.000;0.000;0.000;0.000;3411.550
305;PROFESSOR DE ENSINO MED E TEC;CEETEPS;1851.970;0.000;0.000;0.000;0.000;0.000;1576.450
306;ARQUITETO VI;DAEE;64854.790;0.000;0.000;0.000;0.000;-43223.740;16287.810
307;PROFESSOR EDUCACAO BASICA I;EDUCACAO;2606.300;1303.140;0.000;0.000;132.420;0.000;2873.690
308;ANAL.PLAN.ORC.FINANC. PUBL. I;FAZENDA;6119.000;2039.660;0.000;0.000;0.000;0.000;6535.720
309;PROFESSOR EDUCACAO BASICA I;SPPREV;3011.810;0.000;0.000;0.000;0.000;0.000;1988.560
310;PROFESSOR EDUCACAO BASICA II;EDUCACAO;3486.170;0.000;0.000;0.000;0.000;0.000;1917.270
311;1SGT  PM;PM;6256.720;0.000;0.000;0.000;13131.690;0.000;13165.640
312;TECNICO DE LABORATORIO;SPPREV;2450.660;0.000;0.000;0.000;0.000;0.000;1617.310
313;DELEGADO POLICIA 1A CLASSE;SSP;20942.410;0.000;0.000;0.000;240.000;0.000;10104.720
314;CABO  PM;PM;4910.980;0.000;0.000;0.000;752.100;0.000;4017.440
315;PROFESSOR DE ENSINO MED E TEC;CEETEPS;4572.410;0.000;0.000;0.000;0.000;0.000;2673.850
316;PROFESSOR EDUCACAO BASICA II;SPPREV;3584.210;0.000;0.000;0.000;0.000;0.000;3584.210
317;CEL PM;SPPREV;21756.950;0.000;0.000;0.000;0.000;-125.900;10117.240
318;ASSISTENTE AGROPECUARIO VI;SPPREV;15659.310;0.000;0.000;0.000;0.000;0.000;11069.970
319;MEDICO III;SAUDE;7193.930;0.000;0.000;0.000;0.000;0.000;5643.850
320;SECRETARIO DE ESCOLA;EDUCACAO;1377.500;0.000;-23.630;0.000;173.850;0.000;818.000
321;MAJ   PM;SPPREV;14269.020;0.000;0.000;0.000;0.000;0.000;10434.980
322;AUXILIAR SERV. GERAIS;SPPREV;1231.630;0.000;0.000;0.000;0.000;0.000;916.580
323;BENEFICIARIO DE SERVIDOR ESTADUAL-IPESP;SPPREV;3227.900;0.000;0.000;0.000;0.000;0.000;3227.900
324;PROFESSOR EDUCACAO BASICA I;SPPREV;2324.160;0.000;0.000;0.000;0.000;0.000;1574.080
325;PROFESSOR EDUCACAO BASICA II;EDUCACAO;2421.190;0.000;0.000;0.000;128.320;0.000;2172.440
326;OP TRAN METROV I (ESTACAO);METRO;500.120;11177.590;707.950;0.000;0.000;0.000;9038.100
327;AG.SEG.PENITENC.CLASSE II;SPPREV;3587.830;0.000;0.000;0.000;0.000;0.000;2177.310
328;2TEN  PM;SPPREV;9558.800;0.000;0.000;0.000;0.000;0.000;4615.650
329;COMPLEMENTACAO APOSENTADORIA EFCJ;ADM GERAL;3705.000;0.000;0.000;0.000;0.000;0.000;2767.030
330;CARCEREIRO DE CLASSE ESPECIAL;SSP;6173.890;0.000;0.000;0.000;849.120;0.000;5195.960
331;PROFESSOR EDUCACAO BASICA I;EDUCACAO;1421.810;0.000;42.980;0.000;188.290;0.000;1154.480
332;AUXILIAR SERV. GERAIS;SPPREV;1443.600;0.000;0.000;0.000;0.000;0.000;1414.730
333;ANALISTA SOCIO CULTURAL;SPPREV;5734.540;0.000;0.000;0.000;0.000;0.000;3360.730
334;BENEFICIARIO DE SERVIDOR ESTADUAL-IPESP;SPPREV;1663.140;0.000;0.000;0.000;0.000;0.000;1663.140
335;BENEFICIARIO DE SERVIDOR ESTADUAL-IPESP;SPPREV;1927.510;0.000;0.000;0.000;0.000;0.000;1156.510
336;SD 1C PM;PM;3621.430;0.000;0.000;0.000;0.000;0.000;1805.930
337;PROFESSOR DE ENSINO MED E TEC;CEETEPS;3527.200;0.000;0.000;0.000;0.000;0.000;1961.960
338;DIRETOR DE SERVICO;CEETEPS;4028.990;0.000;0.000;0.000;0.000;0.000;2359.840
339;PROFESSOR EDUCACAO BASICA I;SPPREV;1155.840;0.000;0.000;0.000;0.000;0.000;1132.730
340;BENEFICIARIO DA POLICIA MILITAR - CBPM;SPPREV;6712.150;0.000;0.000;0.000;0.000;0.000;5705.810
341;BENEFICIARIO DA POLICIA MILITAR - CBPM;SPPREV;5726.300;0.000;0.000;0.000;0.000;0.000;5292.010
342;PROFESSOR EDUCACAO BASICA II;SPPREV;3837.680;0.000;0.000;0.000;0.000;0.000;3494.860
343;TECNICO DE ENFERMAGEM;HCFMUSP;5108.600;0.000;0.000;0.000;0.000;0.000;3279.120
344;AUXILIAR SERV. GERAIS;SPPREV;1830.650;0.000;0.000;0.000;0.000;0.000;1255.500
345;PROFESSOR EDUCACAO BASICA II;EDUCACAO;2125.970;0.000;0.000;0.000;233.850;0.000;1428.920
346;OP CIRCULACAO-MAQUINISTA;CPTM;4664.350;0.000;0.000;0.000;0.000;0.000;3737.670
347;AGENTE DE AP SOCIOEDUCAT II;FUND. CASA;0.000;5059.880;202.370;0.000;0.000;0.000;0.000
348;COMPLEM. DE APOSENTADORIA - CESP/CTEEP;ADM GERAL;3627.050;0.000;0.000;0.000;0.000;0.000;2318.840
349;OFICIAL ADMINISTRATIVO;SECRETARIA;4926.760;0.000;38.610;0.000;546.190;0.000;4289.860
350;AUXILIAR SERV. GERAIS;SPPREV;2484.920;0.000;0.000;0.000;0.000;0.000;2270.310
351;CABO P.M.;SPPREV;5068.790;0.000;0.000;0.000;0.000;0.000;2356.100
352;2TEN  PM;SPPREV;11737.730;0.000;0.000;0.000;0.000;0.000;8436.630
353;AUXILIAR SERV. GERAIS;SAUDE;2287.120;0.000;0.000;0.000;16.150;0.000;1796.440
354;COMPLEM. PENSAO - FEPASA;ADM GERAL;3465.490;0.000;0.000;0.000;0.000;0.000;2476.370
355;PROFESSOR EDUCACAO BASICA II;EDUCACAO;2837.320;0.000;0.000;0.000;133.760;0.000;2116.900
356;PROFESSOR EDUCACAO BASICA I;SPPREV;2617.560;84.120;994.490;0.000;0.000;0.000;3552.900
357;BENEFICIARIO DA POLICIA MILITAR - CBPM;SPPREV;4311.700;0.000;0.000;0.000;0.000;0.000;4047.540
358;BENEFICIARIO DE SERVIDOR ESTADUAL-IPESP;SPPREV;19558.310;0.000;10259.300;0.000;0.000;0.000;16847.620
359;BENEFICIARIO DE SERVIDOR ESTADUAL-IPESP;SPPREV;2056.390;1028.190;0.000;0.000;0.000;0.000;3084.580
360;COMPLEM. APOSENT. - SABESP;SABESP;1361.560;0.000;0.000;0.000;0.000;0.000;1057.840
361;COMPLEM. PENSAO - SABESP;ADM GERAL;8542.230;0.000;1222.360;0.000;0.000;0.000;3860.320
362;AG.TEC. DE ASSIT. A SAUDE;SAUDE;3597.600;0.000;30.060;0.000;147.000;0.000;2920.790
363;OP TRAN METROV III (SUPERV);METRO;14005.270;0.000;0.000;0.000;0.000;0.000;5643.810
364;PROFESSOR EDUCACAO BASICA II;EDUCACAO;2295.080;0.000;0.000;0.000;118.790;0.000;2004.420
365;PROFESSOR EDUCACAO BASICA II;EDUCACAO;2929.860;0.000;0.000;0.000;28.200;0.000;1527.210
366;BENEFICIARIO DE SERVIDOR ESTADUAL-IPESP;SPPREV;1571.660;0.000;0.000;0.000;0.000;0.000;1555.950
367;ESCRIVAO POL.1A CLASSE;SSP;7200.020;0.000;0.000;0.000;120.000;0.000;3729.390
368;MEDICO LEGISTA DE 1A CLASSE;SPPREV;14155.140;0.000;0.000;0.000;0.000;0.000;13481.550
369;PROFESSOR EDUCACAO BASICA II;SPPREV;1261.760;0.000;0.000;0.000;0.000;0.000;1236.530
370;PROFESSOR EDUCACAO BASICA II;EDUCACAO;2307.150;0.000;0.000;0.000;56.090;0.000;2063.360
371;PROFESSOR EDUCACAO BASICA II;SPPREV;3144.440;0.000;0.000;0.000;0.000;0.000;1952.860
372;AUX.APOIO PESQ.CIENT.TECNOL.;SPPREV;1923.150;0.000;0.000;0.000;0.000;0.000;1342.050
373;BENEFICIARIO DA POLICIA MILITAR - CBPM;SPPREV;9992.250;4996.120;0.000;0.000;0.000;0.000;10165.010
374;COMPLEMENTACAO DE PENSAO - CESP/CTEEP;ADM GERAL;8195.060;2177.620;0.000;0.000;0.000;0.000;6145.530
375;PROFESSOR EDUCACAO BASICA II;EDUCACAO;2722.580;1361.280;0.000;0.000;95.040;0.000;2944.840
376;COMPLEMENTACAO PENSAO - BANESPA;ADM GERAL;5701.790;0.000;0.000;0.000;0.000;0.000;4231.120
377;AUXILIAR SERV. GERAIS;SPPREV;2169.590;0.000;0.000;0.000;0.000;0.000;1400.120
378;BENEFICIARIO DE SERVIDOR ESTADUAL-IPESP;SPPREV;2458.820;0.000;0.000;0.000;0.000;0.000;2434.240
379;COMPLEM. PENSAO - FEPASA;ADM GERAL;7300.070;0.000;0.000;0.000;0.000;0.000;5116.270
380;COMPLEM. PENSAO - FEPASA;ADM GERAL;5038.450;0.000;0.000;0.000;0.000;0.000;1715.810
381;BENEFICIARIO DE SERVIDOR ESTADUAL-IPESP;SPPREV;705.430;0.000;0.000;0.000;0.000;0.000;705.430
382;ENFERMEIRO;SAUDE;4403.400;436.830;0.000;0.000;50.510;0.000;3464.640
383;PROFESSOR EDUCACAO BASICA I;EDUCACAO;2298.790;-14.970;-230.950;0.000;150.870;0.000;2008.490
384;PROFESSOR EDUCACAO BASICA I;EDUCACAO;1250.700;0.000;0.000;0.000;198.550;0.000;1286.670
385;PROFESSOR EDUCACAO BASICA I;SPPREV;1993.100;996.550;0.000;0.000;0.000;0.000;2879.570
386;BENEFICIARIO DA POLICIA MILITAR - CBPM;SPPREV;3397.740;0.000;0.000;0.000;0.000;0.000;2084.350
387;BENEFICIARIO DE SERVIDOR ESTADUAL-IPESP;SPPREV;937.000;0.000;0.000;0.000;0.000;0.000;603.670
388;PROFESSOR EDUCACAO BASICA I;SPPREV;3651.730;0.000;7303.460;0.000;0.000;0.000;9114.980
389;PROFESSOR EDUCACAO BASICA I;SPPREV;4422.680;0.000;0.000;0.000;0.000;0.000;4216.960
390;PROFESSOR EDUCACAO BASICA II;SPPREV;3297.690;0.000;0.000;0.000;0.000;0.000;2126.720
391;PROFESSOR EDUCACAO BASICA II;EDUCACAO;1591.620;0.000;-94.500;0.000;135.870;0.000;1513.230
392;AG.SEG.PENITENC.CLASSE III;SAP;3898.990;0.000;0.000;0.000;0.000;0.000;2594.920
393;TECNICO EM GESTAO 18;SABESP;27950.560;0.000;0.000;0.000;0.000;0.000;18546.120
394;COMPLEM. APOSENT. - SABESP;SABESP;17807.910;0.000;0.000;0.000;0.000;0.000;13312.540
395;ESCRIVAO POL.3A CLASSE;SPPREV;6038.940;3019.470;0.000;0.000;0.000;0.000;8691.580
396;BENEFICIARIO DE SERVIDOR ESTADUAL-IPESP;SPPREV;2774.490;1387.240;0.000;0.000;0.000;0.000;3929.640
397;PROFESSOR EDUCACAO BASICA I;SPPREV;3760.720;1880.360;0.000;0.000;0.000;0.000;5156.490
398;OFICIAL ADMINISTRATIVO;SSP;2607.880;0.000;0.000;0.000;144.160;0.000;2025.960
399;PROFESSOR EDUCACAO BASICA II;EDUCACAO;4346.980;0.000;0.000;0.000;58.380;0.000;2424.630
400;SD 2C PM;PM;3034.050;0.000;0.000;0.000;376.050;0.000;2822.020
401;CABO  PM;PM;4369.460;0.000;0.000;0.000;752.100;0.000;4406.020
402;PROFESSOR EDUCACAO BASICA II;EDUCACAO;5524.900;0.000;0.000;0.000;0.000;0.000;4225.710
403;OFICIAL OPERACIONAL;SPPREV;1379.730;0.000;0.000;0.000;0.000;0.000;1350.740
404;BENEFICIARIO DE SERVIDOR ESTADUAL-IPESP;SPPREV;1674.400;0.000;0.000;0.000;0.000;0.000;1657.660
405;1TEN  PM;SPPREV;12429.400;0.000;0.000;0.000;0.000;0.000;6091.980
406;AGENTE DE ORGANIZACAO ESCOLAR;SPPREV;1645.130;0.000;0.000;0.000;0.000;0.000;1612.230
407;ASSIST.DIRETOR ESCOLA;SPPREV;3856.880;0.000;0.000;0.000;0.000;0.000;3699.120
408;PROFESSOR EDUCACAO BASICA II;SPPREV;948.720;0.000;0.000;0.000;0.000;0.000;913.870
409;PENSAO REVOLUCAO 1932;ADM GERAL;720.000;0.000;0.000;0.000;0.000;0.000;720.000
410;AUXILIAR DE SAUDE;SECRETARIA;5399.260;0.000;0.000;0.000;593.910;0.000;4642.710
411;AUXILIAR SERV. GERAIS;SAA;3730.290;0.000;0.000;0.000;0.000;0.000;2577.430
412;AUXILIAR DE SAUDE I;SPPREV;1230.170;0.000;0.000;0.000;0.000;0.000;1172.670
413;PENSAO REVOLUCAO 1932;ADM GERAL;720.000;0.000;0.000;0.000;0.000;0.000;719.030
414;AGENTE DE SERVICOS ESCOLARES;EDUCACAO;1231.220;615.600;0.000;0.000;0.000;0.000;1479.370
415;PROFESSOR EDUCACAO BASICA II;EDUCACAO;2943.800;0.000;0.000;0.000;89.070;0.000;2474.900
416;PROFESSOR EDUCACAO BASICA II;EDUCACAO;1389.120;0.000;0.000;0.000;159.650;0.000;1293.260
417;OPERADOR PRODUCAO;FURP;1948.830;0.000;0.000;0.000;0.000;0.000;1381.380
418;AUXILIAR DE ENFERMAGEM;SAUDE;2394.050;0.000;0.000;0.000;204.310;0.000;1810.090
419;PROFESSOR EDUCACAO BASICA I;SPPREV;3424.080;0.000;0.000;0.000;0.000;0.000;3316.880
420;PROFESSOR EDUCACAO BASICA I;SPPREV;3218.410;0.000;0.000;0.000;0.000;0.000;3154.050
421;PROFESSOR EDUCACAO BASICA I;SPPREV;2497.030;0.000;0.000;0.000;0.000;0.000;2358.060
422;BENEFICIARIO DE SERVIDOR ESTADUAL-IPESP;SPPREV;1278.840;0.000;0.000;0.000;0.000;0.000;1266.060
423;BENEFICIARIO DE SERVIDOR ESTADUAL-IPESP;SPPREV;13475.000;0.000;9734.220;0.000;0.000;0.000;19715.320
424;PROFESSOR EDUCACAO BASICA II;SPPREV;2971.490;0.000;0.000;0.000;0.000;0.000;2725.830
425;PROFESSOR EDUCACAO BASICA I;SPPREV;2981.650;0.000;0.000;0.000;0.000;0.000;2851.800
426;BENEFICIARIO DA POLICIA MILITAR - CBPM;SPPREV;5379.650;0.000;0.000;0.000;0.000;0.000;5159.310
427;BENEFICIARIO DA POLICIA MILITAR - CBPM;SPPREV;18597.720;0.000;0.000;0.000;0.000;0.000;8290.800
428;PROFESSOR EDUCACAO BASICA II;EDUCACAO;5647.260;0.000;0.000;0.000;621.190;0.000;4780.570
429;COMPLEM. PENSAO - FEPASA;ADM GERAL;2608.940;0.000;0.000;0.000;0.000;0.000;547.470
430;PROFESSOR EDUCACAO BASICA II;SPPREV;3996.940;0.000;0.000;0.000;0.000;0.000;3500.820
431;BENEFICIARIO DE SERVIDOR ESTADUAL-IPESP;SPPREV;1698.220;0.000;0.000;0.000;0.000;0.000;1014.340
432;COMPLEM. PENSAO - FEPASA;ADM GERAL;3010.920;0.000;0.000;0.000;0.000;0.000;1021.570
433;BENEFICIARIO DE SERVIDOR ESTADUAL-IPESP;SPPREV;3479.720;0.000;0.000;0.000;0.000;0.000;3444.930
434;PROFESSOR EDUCACAO BASICA II;SPPREV;3651.250;0.000;0.000;0.000;0.000;0.000;3334.230
435;PROFESSOR EDUCACAO BASICA I;SPPREV;3572.490;0.000;0.000;0.000;0.000;0.000;2100.630
436;TECNICO DE ENFERMAGEM;HCFMUSP;3686.650;0.000;0.000;0.000;0.000;0.000;2632.930
437;BENEFICIARIO DE SERVIDOR ESTADUAL-IPESP;SPPREV;2949.020;0.000;0.000;0.000;0.000;0.000;2831.980
438;PROFESSOR EDUCACAO BASICA I;SPPREV;3735.750;0.000;0.000;0.000;0.000;0.000;3420.670
439;PROFESSOR EDUCACAO BASICA I;SPPREV;3065.810;0.000;0.000;0.000;0.000;0.000;2934.600
440;ENCARREGADO ADMINIST II;FUND. CASA;4596.290;0.000;0.000;0.000;232.900;0.000;3457.840
441;COMPLEMENTACAO APOSENTADORIA;CEETEPS;8097.070;0.000;0.000;0.000;0.000;0.000;4442.980
442;BENEFICIARIO DE SERVIDOR ESTADUAL-IPESP;SPPREV;1104.000;0.000;0.000;0.000;0.000;0.000;1092.960
443;PROFESSOR EDUCACAO BASICA II;SPPREV;3318.750;0.000;0.000;0.000;0.000;0.000;2420.750
444;BENEFICIARIO DE SERVIDOR ESTADUAL-IPESP;SPPREV;2308.380;0.000;0.000;0.000;0.000;0.000;2285.300
445;BENEFICIARIO DE SERVIDOR ESTADUAL-IPESP;SPPREV;78.080;0.000;0.000;0.000;0.000;0.000;78.080
446;ASSISTENTE TECNICO II;CDHU;4710.600;0.000;0.000;0.000;0.000;0.000;3383.070
447;BENEFICIARIO DE SERVIDOR ESTADUAL-IPESP;SPPREV;1360.820;0.000;0.000;0.000;0.000;0.000;908.390
448;AGENTE DE SERVICOS ESCOLARES;SPPREV;1262.650;0.000;0.000;0.000;0.000;0.000;934.490
449;ANALISTA SUPORTE GESTAO;PRODESP;11655.110;0.000;0.000;0.000;1533.060;0.000;7575.940
450;3SGT  PM;PM;5077.680;0.000;0.000;0.000;401.120;0.000;4398.420
451;PROFESSOR EDUCACAO BASICA I;SPPREV;2774.490;0.000;0.000;0.000;0.000;0.000;2346.230
452;PROFESSOR EDUCACAO BASICA I;SPPREV;2774.490;0.000;0.000;0.000;0.000;0.000;2641.450
453;AGENTE DE ORGANIZACAO ESCOLAR;EDUCACAO;1104.000;0.000;0.000;0.000;222.560;0.000;1238.240
454;COMPLEMENTACAO DE PENSAO - CESP/CTEEP;ADM GERAL;3455.030;0.000;0.000;0.000;0.000;0.000;669.180
455;BENEFICIARIO DE SERVIDOR ESTADUAL-IPESP;SPPREV;5177.180;0.000;0.000;0.000;0.000;0.000;2782.840
456;PROFESSOR EDUCACAO BASICA II;EDUCACAO;3671.940;0.000;0.000;0.000;24.610;0.000;1804.190
457;PROFESSOR EDUCACAO BASICA I;SPPREV;2885.460;0.000;0.000;0.000;0.000;0.000;2789.040
458;BENEFICIARIO DE SERVIDOR ESTADUAL-IPESP;SPPREV;7595.950;0.000;0.000;0.000;0.000;0.000;6634.680
459;PROFESSOR EDUCACAO BASICA I;SPPREV;3847.280;0.000;0.000;0.000;0.000;0.000;3750.990
460;PROFESSOR EDUCACAO BASICA II;SPPREV;3027.120;0.000;0.000;0.000;0.000;0.000;3025.720
461;PROFESSOR EDUCACAO BASICA I;SPPREV;3458.860;0.000;0.000;0.000;0.000;0.000;3356.790
462;COMPLEM. PENSAO - FEPASA;ADM GERAL;2270.250;0.000;0.000;0.000;0.000;0.000;952.440
463;PROFESSOR EDUCACAO BASICA II;EDUCACAO;3992.600;0.000;-12.230;0.000;0.000;0.000;2907.940
464;AUX.PAPILOSC.POL.1A CLASSE;SPPREV;5239.810;2619.910;0.000;0.000;0.000;0.000;5987.390
465;AGENTE DE ORGANIZACAO ESCOLAR;SPPREV;1571.670;0.000;0.000;0.000;0.000;0.000;1446.550
466;AG.APOIO PESQ.CIENT.TECNOL.;SPPREV;1972.630;0.000;0.000;0.000;0.000;0.000;1552.780
467;AGENTE DE ORGANIZACAO ESCOLAR;EDUCACAO;2072.010;0.000;0.000;0.000;0.000;0.000;1753.650
468;COMPLEM. PENSAO - FEPASA;ADM GERAL;2544.640;48.780;0.000;0.000;0.000;0.000;146.360
469;AGENTE DE ORGANIZACAO ESCOLAR;EDUCACAO;1155.010;0.000;0.000;0.000;143.990;0.000;1040.970
470;PROFESSOR EDUCACAO BASICA I;SPPREV;3956.920;0.000;0.000;0.000;0.000;0.000;3378.920
471;PROFESSOR EDUCACAO BASICA I;SPPREV;2642.370;0.000;0.000;0.000;0.000;0.000;2523.220
472;BENEFICIARIO DE SERVIDOR ESTADUAL-IPESP;SPPREV;18622.340;0.000;0.000;0.000;0.000;0.000;13474.620
473;DIRETOR DE ESCOLA;SPPREV;4794.490;0.000;0.000;0.000;0.000;0.000;3373.280
474;PROFESSOR EDUCACAO BASICA I;EDUCACAO;2815.970;0.000;0.000;0.000;119.840;0.000;2024.780
475;PROFESSOR EDUCACAO BASICA I;EDUCACAO;2199.030;0.000;0.000;0.000;156.850;0.000;1956.680
476;PROFESSOR EDUCACAO BASICA I;EDUCACAO;3303.820;0.000;0.000;0.000;15.200;0.000;1998.730
477;AUXILIAR DE ENFERMAGEM;SAUDE;2578.390;0.000;0.000;0.000;208.450;0.000;1863.930
478;BENEFICIARIO DE SERVIDOR ESTADUAL-IPESP;SPPREV;386.530;0.000;0.000;0.000;0.000;0.000;386.530
479;ESTAGIARIO;SPPREV;937.000;468.500;0.000;0.000;0.000;0.000;1386.760
480;AUXILIAR SERV. GERAIS;SPPREV;1213.030;0.000;0.000;0.000;0.000;0.000;1188.770
481;BENEFICIARIO DE SERVIDOR ESTADUAL-IPESP;SPPREV;1030.580;0.000;0.000;0.000;0.000;0.000;1020.280
482;PROFESSOR EDUCACAO BASICA I;EDUCACAO;2336.470;0.000;0.000;0.000;116.310;0.000;2217.120
483;PROFESSOR EDUCACAO BASICA I;SPPREV;3290.930;0.000;0.000;0.000;0.000;0.000;2954.660
484;BENEFICIARIO DE SERVIDOR ESTADUAL-IPESP;SPPREV;11900.210;0.000;0.000;0.000;0.000;0.000;11689.080
485;BENEFICIARIO DE SERVIDOR ESTADUAL-IPESP;SPPREV;1994.470;0.000;0.000;0.000;0.000;0.000;1974.530
486;BENEFICIARIO DA POLICIA MILITAR - CBPM;SPPREV;7065.780;0.000;0.000;0.000;0.000;0.000;5287.090
487;PROFESSOR EDUCACAO BASICA I;EDUCACAO;3642.470;1821.230;0.000;0.000;0.000;0.000;4585.550
488;BENEFICIARIO DA POLICIA MILITAR - CBPM;SPPREV;5962.780;2981.390;0.000;0.000;0.000;0.000;6591.620
489;AUXILIAR SERV. GERAIS;SPPREV;1743.400;0.000;0.000;0.000;0.000;0.000;1280.620
490;OFICIAL AP.PESQ.CIENT.TECNOL.;SPPREV;1700.250;0.000;0.000;0.000;0.000;0.000;1632.130
491;AUXILIAR DE ENFERMAGEM;HCFMUSP;3177.890;0.000;0.000;0.000;0.000;0.000;2706.690
492;PROFESSOR EDUCACAO BASICA I;SPPREV;2885.460;0.000;0.000;0.000;0.000;0.000;2787.640
493;BENEFICIARIO DE SERVIDOR ESTADUAL-IPESP;SPPREV;2203.860;0.000;0.000;0.000;0.000;0.000;2181.830
494;BENEFICIARIO DE SERVIDOR ESTADUAL-IPESP;SPPREV;1533.350;0.000;0.000;0.000;0.000;0.000;1518.020
495;PROFESSOR EDUCACAO BASICA I;EDUCACAO;1468.840;0.000;-154.460;0.000;124.660;0.000;836.180
496;AGENTE DE ORGANIZACAO ESCOLAR;EDUCACAO;1928.500;321.410;0.000;0.000;173.090;0.000;1458.360
497;PROFESSOR EDUCACAO BASICA II;SPPREV;2431.580;0.000;0.000;0.000;0.000;0.000;1507.960
498;AUXILIAR DE SAUDE;HCFMUSP;1945.530;0.000;0.000;0.000;0.000;0.000;1652.130
